{"gb": {"f1": [0.6859010944881555, 0.6972864900154806, 0.7506297210746956, 0.7014088048915852, 0.6691420805459165, 0.6829858697056744, 0.6919164284403818, 0.7528477335625414, 0.7495934443125752], "accuracy": [0.636733853100609, 0.6473697776407297, 0.716927551482884, 0.6547132365720306, 0.6071737852381693, 0.6199506208276815, 0.6222632293765288, 0.7075212730193674, 0.6991577167548612], "recall": [0.636733853100609, 0.6473697776407297, 0.716927551482884, 0.6547132365720306, 0.6071737852381693, 0.6199506208276815, 0.6222632293765288, 0.7075212730193674, 0.6991577167548612], "precision": [0.8269514817934069, 0.8254149373233989, 0.8489595362523394, 0.8355449182796374, 0.833180464078303, 0.8391649137927315, 0.8510497993710544, 0.8539382982668797, 0.8504196985644747]}, "rf": {"f1": [0.7117856953639161, 0.7280004688542738, 0.721596667582786, 0.7021063562449675, 0.6948637466304703, 0.692991939315123, 0.7203171616693398, 0.7521390754346866, 0.7966723265436886], "accuracy": [0.6734556640678465, 0.6927309980842374, 0.6757152514230896, 0.6494536854555866, 0.6349055310387044, 0.6339227669303669, 0.6659811677811417, 0.7097138251541861, 0.7759025581613802], "recall": [0.6734556640678465, 0.6927309980842374, 0.6757152514230896, 0.6494536854555867, 0.6349055310387044, 0.6339227669303669, 0.6659811677811417, 0.7097138251541861, 0.7759025581613802], "precision": [0.8279360572392257, 0.8322554703592664, 0.8355737760272074, 0.8293767934685837, 0.8326734763256052, 0.8334999503850732, 0.8445966463019033, 0.8508249543645652, 0.8474735474257143]}}